Калашников,Ростислав,+91-213-900153,27.1.1997,Патологоанатом
Ширяева,Дорофея,+41-287-859395,6.8.1958,Врач
Лобанов,Фома,+75-242-392999,16.4.1957,Художественный редактор
Мухин,Аникита,+9-115-837884,15.4.1951,Молекулярный биолог
Дементьев,Магистриан,+20-193-793444,6.9.1955,Врач-терапевт
Фролов,Вавила,+54-357-403583,30.2.1956,Судья
Миронов,Ким,+44-437-623605,1.6.1961,Эксперт
Кириллов,Вадим,+43-259-496001,4.10.1966,Врач
Александров,Герман,+66-264-562672,17.5.1958,Художник-иллюстрато
Шилова,Славомира,+63-255-255467,20.5.2002,Географ
Ефимов,Магистриан,+54-290-411655,27.11.1960,Пластический хирург
Комиссаров,Добрыня,+84-308-211879,30.5.1984,Диспетчер управления воздушным движением
Родионова,Ефимья,+14-342-904929,6.9.1958,Звукорежиссер
Лазарева,Юзефа,+80-402-304998,3.3.1956,Переводчик
Виноградов,Николай,+48-214-349813,27.6.1989,Режиссер
Кудрявцев,Сильвестр,+26-488-617012,28.5.1999,Кондитер
Сафонов,Сергей,+6-243-158435,3.10.1992,Географ
Королёва,Василиса,+44-351-958001,30.7.1967,Архитектор-реставратор
Самсонова,Ванда,+54-438-792406,21.4.1978,Артист кино
Михайлов,Ефим,+93-126-570340,6.4.1984,Менеджер по маркетингу
Жукова,Эдита,+91-235-841852,26.4.1977,Гид-переводчик
Алексеев,Родослав,+57-162-287754,9.12.1971,Стоматолог
Тарасова,Феодора,+66-118-174790,8.7.1986,Программист-разработчик
Кузьмина,Елена,+2-168-408844,29.9.1985,Резчик по камню
Сысоева,Квитослава,+92-397-737202,13.6.2001,Стоматолог
Иванова,Марионила,+62-430-128740,5.1.1986,Переводчик
Романова,Татьяна,+57-282-575289,1.3.1971,Вирусолог
Волкова,Твердислава,+72-188-111404,13.9.1967,Бионик
Ситникова,Веселина,+21-286-215427,18.11.1971,Вирусолог
Виноградов,Эраст,+98-332-266640,28.3.1985,Фотограф
Кабанова,Артемия,+74-188-360437,13.12.1982,Гид-переводчик
Нестерова,Эльвира,+69-288-200848,18.8.1969,Патологоанатом
Петрова,Цветана,+93-190-307364,7.5.1991,Дизайнер
Нестеров,Филимон,+77-424-759371,3.2.2003,Продюсер
Белякова,Евлампия,+58-346-720098,14.12.1966,Стоматолог
Попов,Конон,+77-431-752619,7.12.2004,Инженер
Поляков,Савва,+19-449-794129,15.6.1962,Авиационный техник (Авиатехник)
Сидорова,Харитина,+10-238-138923,3.3.1983,Врач-кибернетик
Селезнёва,Карла,+37-239-292490,20.8.1958,Медицинский лабораторный техник
Рыбакова,Нэля,+64-244-788425,3.9.2001,Врач-терапевт
Рогова,Элина,+8-404-791545,6.2.1980,Врач-кибернетик
Белозёрова,Клавдия,+70-163-879195,12.12.1999,UX-дизайнер
Одинцов,Олег,+58-236-660193,11.3.1992,Пластический хирург
Родионова,Эрнеста,+86-131-352922,6.2.1990,Геофизик
Шарапов,Ефрем,+45-146-690495,28.1.1999,Авиаконструктор
Рогова,Юлиана,+72-449-860789,16.9.1968,Режиссер
Третьяков,Трифон,+57-282-786979,5.7.1958,Исследователь
Фомичёва,Дженни,+74-238-487890,14.11.1987,Web-дизайнер
Денисова,Харита,+40-211-990061,4.10.1996,Программист
Жданов,Панкратий,+31-305-418897,21.1.1990,Химик-технолог
Колобова,Анета,+23-100-785298,30.10.1953,Генетик
Овчинников,Урбан,+57-233-316156,17.6.2001,Директор по маркетингу
Захаров,Пахомий,+4-357-411299,19.3.1999,Водолаз
Туро,Изот,+32-222-550747,9.12.1966,Авиадиспетчер
Белозёров,Конон,+6-354-950486,11.12.1966,Клинический психолог
Лапина,Жанна,+38-413-553252,26.4.1991,Ветеринар
Куликов,Тимур,+37-455-782712,22.5.1998,Фитодизайнер
Дьячков,Арсений,+60-318-818104,22.4.1981,Кондитер
Белоусов,Мстислав,+81-395-893276,25.12.1970,IT-специалист
Мамонтов,Онисим,+20-217-921459,14.7.1972,Повар
Щербаков,Антонин,+31-133-428107,22.9.1969,Молекулярный биолог
Фомичёва,Павла,+80-232-521755,18.11.1960,Сценарист
Сидоров,Агапит,+36-379-799741,6.6.1991,Эколог-проектировщик
Федосеева,Любава,+26-255-350500,21.2.1965,Инженер
Афанасьев,Владлен,+99-444-652738,18.4.1996,Медицинский лабораторный техник
Тихонова,Алевтина,+17-441-758314,14.10.1961,Агент по туризму
Фролова,Нора,+54-193-130729,15.3.1981,Лаборант химического анализа
Сергеева,Апраксия,+48-486-136637,23.3.1984,Бионик
Антонова,Леокадия,+13-123-686436,9.5.2000,Патологоанатом
Цветков,Георгий,+53-122-477412,26.11.1980,Бортинженер
Матвеев,Варлам,+97-399-297153,8.11.1952,Гинеколог
Воронцов,Паисий,+92-468-517840,23.11.1975,Авиационный инженер
Титов,Константин,+24-355-956619,24.2.1951,Географ
Гусева,Лолита,+63-388-496401,16.9.1983,Инженер-строитель
Суворов,Трофим,+46-323-440971,4.4.1969,Фотограф
Агафонова,Надежда,+59-205-352565,6.7.1977,Молекулярный биолог
Щукина,Агния,+13-356-513544,1.1.1979,Гематолог
Лебедева,Юрина,+5-443-492986,2.9.1975,Врач-кибернетик
Орлов,Нестор,+77-289-279145,8.11.1977,Географ
Русакова,Иоланта,+35-384-169919,11.8.1958,Инженер
Большаков,Дмитрий,+96-393-189581,22.9.1993,Ландшафтный архитектор
Тетерин,Антон,+13-255-423893,27.8.1996,Архитектор-проектировщик
Киселёв,Добрыня,+98-105-133767,15.3.1969,Археолог
Казаков,Варсонофий,+24-305-568324,27.1.1968,Ландшафтный архитектор
Кириллова,Рита,+85-394-505243,18.2.1957,Журналист-международник
Медведев,Мстислав,+85-258-387410,4.11.1967,Писатель
Фомичёв,Виталий,+49-110-604197,7.1.1974,Врач-кибернетик
Бурова,Ирена,+49-157-554077,29.6.1991,IT-специалист
Киселёв,Максим,+29-341-485478,6.8.1985,Эксперт
Фомичёва,Элина,+56-114-246502,21.5.1972,Адвокат
Ершов,Федот,+13-192-242170,29.1.1998,Авиационный инженер
Аксёнова,Гертруда,+79-456-944307,12.12.1962,Бионик
Шубин,Протасий,+9-324-612157,26.8.1998,Программист
Анисимова,Ульяна,+8-205-908955,24.9.1998,Художник-аниматор
Горшков,Яросла,+14-111-379214,21.10.1959,Звукорежиссер
Суворова,Эмилия,+85-163-726539,21.4.1980,Реставратор
Никифоров,Савва,+73-253-542188,28.7.2002,Инженер-конструктор
Павлова,Ростислава,+90-290-961214,30.7.1991,Web-дизайнер
Фадеева,Асия,+60-100-971393,19.2.1951,Художественный редактор
Комиссаров,Родослав,+56-393-857652,6.8.2002,Врач-кибернетик
Сидоров,Геласий,+56-223-341339,18.5.1972,Фотожурналист
Пестов,Владимир,+24-210-243940,6.11.1989,Пилот
Блохина,Павла,+31-190-888406,13.10.1989,Оптик
Доронин,Родослав,+15-230-796938,10.6.1968,Частный детектив
Фомина,Нюша,+34-149-631389,16.1.1994,Фотожурналист
Лукин,Виктор,+21-206-506962,4.7.1962,Писатель
Гаврилов,Георгий,+62-419-456845,2.8.1970,Лаборант химического анализа
Кулагин,Варфоломей,+59-299-709179,4.9.1986,Ландшафтный архитектор
Игнатова,Клавдия,+91-461-314200,12.6.1978,Анестезиолог
Федотов,Макар,+80-388-852956,22.12.1996,Программист
